<?xml version="1.0" encoding="utf-8"?>
<extension version="3.0" type="plugin" group="k2" method="upgrade">
	<name>plg_k2_siteplan</name>
	<author>Redevolution</author>
	<creationDate>April 2015</creationDate>
	<copyright>Copyright (c) 2012 Redevolution Ltd.</copyright>
	<authorEmail>info@joomlasiteplanner.com</authorEmail>
	<authorUrl>www.joomlasiteplanner.com</authorUrl>
	<version>2.0.0</version>
	<license/>
	<description>Allow Site Planner component settings to be managed in K2</description>
	<scriptfile>plg_k2_siteplan.scriptfile.php</scriptfile>
	<files>
		<filename plugin="siteplan">siteplan.php</filename>
	</files>
	<languages folder="language">
		<language tag="en-GB">en-GB/en-GB.plg_k2_siteplan.ini</language>
		<language tag="en-GB">en-GB/en-GB.plg_k2_siteplan.sys.ini</language>
	</languages>

	<fields group="item-content">
		<field name="_type1" type="radio" id="_type1" description="If I'm red then we need content for this page. If I'm green we're good." label="Words" default="NOTREQUIRED" class="siteplan_radio">
			<option value="NOTREQUIRED">Not Required</option>
			<option value="REQUIRED">Required</option>
			<option value="PRESENT">Present</option>
		</field>
		<field name="_type2" type="radio" id="_type2" description="If I'm red then we need PDF's etc for this page. If I'm green we're good." label="Documents" default="NOTREQUIRED" class="siteplan_radio" ink="2">
			<option value="NOTREQUIRED">Not Required</option>
			<option value="REQUIRED">Required</option>
			<option value="PRESENT">Present</option>
		</field>
		<field name="_type3" type="radio" id="_type3" description="If I'm red then we need attachments for this page. If I'm green we're good." label="Attachments" default="NOTREQUIRED" class="siteplan_radio" ink="3">
			<option value="NOTREQUIRED">Not Required</option>
			<option value="REQUIRED">Required</option>
			<option value="PRESENT">Present</option>
		</field>
		<field name="_type4" type="radio" id="_type4" description="If I'm red then we need images for this page. If I'm green we're good." label="Images" default="NOTREQUIRED" class="siteplan_radio" ink="4">
			<option value="NOTREQUIRED">Not Required</option>
			<option value="REQUIRED">Required</option>
			<option value="PRESENT">Present</option>
		</field>
		<field name="_type5" type="radio" id="_type5" description="If I'm red then we need video content for this page. If I'm green we're good." label="Video" default="NOTREQUIRED" class="siteplan_radio" ink="5">
			<option value="NOTREQUIRED">Not Required</option>
			<option value="REQUIRED">Required</option>
			<option value="PRESENT">Present</option>
		</field>
		<field name="_type6" type="radio" id="_type6" description="If I'm red then we need a slideshow for this page. If I'm green we're good." label="Slideshow" default="NOTREQUIRED" class="siteplan_radio" ink="6">
			<option value="NOTREQUIRED">Not Required</option>
			<option value="REQUIRED">Required</option>
			<option value="PRESENT">Present</option>
		</field>
	<field name="_type1" type="radio" id="_type1" description="If I'm red then we need content for this page. If I'm green we're good." label="Words" default="NOTREQUIRED" class="siteplan_radio" ink="1"><option value="NOTREQUIRED">Not Required</option><option value="REQUIRED">Required</option><option value="PRESENT">Present</option></field><field name="_type2" type="radio" id="_type2" description="If I'm red then we need PDF's etc for this page. If I'm green we're good." label="Documents" default="NOTREQUIRED" class="siteplan_radio" ink="2"><option value="NOTREQUIRED">Not Required</option><option value="REQUIRED">Required</option><option value="PRESENT">Present</option></field><field name="_type3" type="radio" id="_type3" description="If I'm red then we need attachments for this page. If I'm green we're good." label="Attachments" default="NOTREQUIRED" class="siteplan_radio" ink="3"><option value="NOTREQUIRED">Not Required</option><option value="REQUIRED">Required</option><option value="PRESENT">Present</option></field><field name="_type4" type="radio" id="_type4" description="If I'm red then we need images for this page. If I'm green we're good." label="Images" default="NOTREQUIRED" class="siteplan_radio" ink="4"><option value="NOTREQUIRED">Not Required</option><option value="REQUIRED">Required</option><option value="PRESENT">Present</option></field><field name="_type5" type="radio" id="_type5" description="If I'm red then we need video content for this page. If I'm green we're good." label="Video" default="NOTREQUIRED" class="siteplan_radio" ink="5"><option value="NOTREQUIRED">Not Required</option><option value="REQUIRED">Required</option><option value="PRESENT">Present</option></field><field name="_type6" type="radio" id="_type6" description="If I'm red then we need a slideshow for this page. If I'm green we're good." label="Slideshow" default="NOTREQUIRED" class="siteplan_radio" ink="6"><option value="NOTREQUIRED">Not Required</option><option value="REQUIRED">Required</option><option value="PRESENT">Present</option></field><field name="_type1" type="radio" id="_type1" description="If I'm red then we need content for this page. If I'm green we're good." label="Words" default="NOTREQUIRED" class="siteplan_radio" ink="1"><option value="NOTREQUIRED">Not Required</option><option value="REQUIRED">Required</option><option value="PRESENT">Present</option></field><field name="_type2" type="radio" id="_type2" description="If I'm red then we need PDF's etc for this page. If I'm green we're good." label="Documents" default="NOTREQUIRED" class="siteplan_radio" ink="2"><option value="NOTREQUIRED">Not Required</option><option value="REQUIRED">Required</option><option value="PRESENT">Present</option></field><field name="_type3" type="radio" id="_type3" description="If I'm red then we need attachments for this page. If I'm green we're good." label="Attachments" default="NOTREQUIRED" class="siteplan_radio" ink="3"><option value="NOTREQUIRED">Not Required</option><option value="REQUIRED">Required</option><option value="PRESENT">Present</option></field><field name="_type4" type="radio" id="_type4" description="If I'm red then we need images for this page. If I'm green we're good." label="Images" default="NOTREQUIRED" class="siteplan_radio" ink="4"><option value="NOTREQUIRED">Not Required</option><option value="REQUIRED">Required</option><option value="PRESENT">Present</option></field><field name="_type5" type="radio" id="_type5" description="If I'm red then we need video content for this page. If I'm green we're good." label="Video" default="NOTREQUIRED" class="siteplan_radio" ink="5"><option value="NOTREQUIRED">Not Required</option><option value="REQUIRED">Required</option><option value="PRESENT">Present</option></field><field name="_type6" type="radio" id="_type6" description="If I'm red then we need a slideshow for this page. If I'm green we're good." label="Slideshow" default="NOTREQUIRED" class="siteplan_radio" ink="6"><option value="NOTREQUIRED">Not Required</option><option value="REQUIRED">Required</option><option value="PRESENT">Present</option></field><field name="_type1" type="radio" id="_type1" description="If I'm red then we need content for this page. If I'm green we're good." label="Words" default="NOTREQUIRED" class="siteplan_radio" ink="1"><option value="NOTREQUIRED">Not Required</option><option value="REQUIRED">Required</option><option value="PRESENT">Present</option></field><field name="_type2" type="radio" id="_type2" description="If I'm red then we need PDF's etc for this page. If I'm green we're good." label="Documents" default="NOTREQUIRED" class="siteplan_radio" ink="2"><option value="NOTREQUIRED">Not Required</option><option value="REQUIRED">Required</option><option value="PRESENT">Present</option></field><field name="_type3" type="radio" id="_type3" description="If I'm red then we need attachments for this page. If I'm green we're good." label="Attachments" default="NOTREQUIRED" class="siteplan_radio" ink="3"><option value="NOTREQUIRED">Not Required</option><option value="REQUIRED">Required</option><option value="PRESENT">Present</option></field><field name="_type4" type="radio" id="_type4" description="If I'm red then we need images for this page. If I'm green we're good." label="Images" default="NOTREQUIRED" class="siteplan_radio" ink="4"><option value="NOTREQUIRED">Not Required</option><option value="REQUIRED">Required</option><option value="PRESENT">Present</option></field><field name="_type5" type="radio" id="_type5" description="If I'm red then we need video content for this page. If I'm green we're good." label="Video" default="NOTREQUIRED" class="siteplan_radio" ink="5"><option value="NOTREQUIRED">Not Required</option><option value="REQUIRED">Required</option><option value="PRESENT">Present</option></field><field name="_type6" type="radio" id="_type6" description="If I'm red then we need a slideshow for this page. If I'm green we're good." label="Slideshow" default="NOTREQUIRED" class="siteplan_radio" ink="6"><option value="NOTREQUIRED">Not Required</option><option value="REQUIRED">Required</option><option value="PRESENT">Present</option></field><field name="_type1" type="radio" id="_type1" description="If I'm red then we need content for this page. If I'm green we're good." label="Words" default="NOTREQUIRED" class="siteplan_radio" ink="1"><option value="NOTREQUIRED">Not Required</option><option value="REQUIRED">Required</option><option value="PRESENT">Present</option></field><field name="_type2" type="radio" id="_type2" description="If I'm red then we need PDF's etc for this page. If I'm green we're good." label="Documents" default="NOTREQUIRED" class="siteplan_radio" ink="2"><option value="NOTREQUIRED">Not Required</option><option value="REQUIRED">Required</option><option value="PRESENT">Present</option></field><field name="_type3" type="radio" id="_type3" description="If I'm red then we need attachments for this page. If I'm green we're good." label="Attachments" default="NOTREQUIRED" class="siteplan_radio" ink="3"><option value="NOTREQUIRED">Not Required</option><option value="REQUIRED">Required</option><option value="PRESENT">Present</option></field><field name="_type4" type="radio" id="_type4" description="If I'm red then we need images for this page. If I'm green we're good." label="Images" default="NOTREQUIRED" class="siteplan_radio" ink="4"><option value="NOTREQUIRED">Not Required</option><option value="REQUIRED">Required</option><option value="PRESENT">Present</option></field><field name="_type5" type="radio" id="_type5" description="If I'm red then we need video content for this page. If I'm green we're good." label="Video" default="NOTREQUIRED" class="siteplan_radio" ink="5"><option value="NOTREQUIRED">Not Required</option><option value="REQUIRED">Required</option><option value="PRESENT">Present</option></field><field name="_type6" type="radio" id="_type6" description="If I'm red then we need a slideshow for this page. If I'm green we're good." label="Slideshow" default="NOTREQUIRED" class="siteplan_radio" ink="6"><option value="NOTREQUIRED">Not Required</option><option value="REQUIRED">Required</option><option value="PRESENT">Present</option></field><field name="_type1" type="radio" id="_type1" description="If I'm red then we need content for this page. If I'm green we're good." label="Words" default="NOTREQUIRED" class="siteplan_radio" ink="1"><option value="NOTREQUIRED">Not Required</option><option value="REQUIRED">Required</option><option value="PRESENT">Present</option></field><field name="_type2" type="radio" id="_type2" description="If I'm red then we need PDF's etc for this page. If I'm green we're good." label="Documents" default="NOTREQUIRED" class="siteplan_radio" ink="2"><option value="NOTREQUIRED">Not Required</option><option value="REQUIRED">Required</option><option value="PRESENT">Present</option></field><field name="_type3" type="radio" id="_type3" description="If I'm red then we need attachments for this page. If I'm green we're good." label="Attachments" default="NOTREQUIRED" class="siteplan_radio" ink="3"><option value="NOTREQUIRED">Not Required</option><option value="REQUIRED">Required</option><option value="PRESENT">Present</option></field><field name="_type4" type="radio" id="_type4" description="If I'm red then we need images for this page. If I'm green we're good." label="Images" default="NOTREQUIRED" class="siteplan_radio" ink="4"><option value="NOTREQUIRED">Not Required</option><option value="REQUIRED">Required</option><option value="PRESENT">Present</option></field><field name="_type5" type="radio" id="_type5" description="If I'm red then we need video content for this page. If I'm green we're good." label="Video" default="NOTREQUIRED" class="siteplan_radio" ink="5"><option value="NOTREQUIRED">Not Required</option><option value="REQUIRED">Required</option><option value="PRESENT">Present</option></field><field name="_type6" type="radio" id="_type6" description="If I'm red then we need a slideshow for this page. If I'm green we're good." label="Slideshow" default="NOTREQUIRED" class="siteplan_radio" ink="6"><option value="NOTREQUIRED">Not Required</option><option value="REQUIRED">Required</option><option value="PRESENT">Present</option></field><field name="_type1" type="radio" id="_type1" description="If I'm red then we need content for this page. If I'm green we're good." label="Words" default="NOTREQUIRED" class="siteplan_radio" ink="1"><option value="NOTREQUIRED">Not Required</option><option value="REQUIRED">Required</option><option value="PRESENT">Present</option></field><field name="_type2" type="radio" id="_type2" description="If I'm red then we need PDF's etc for this page. If I'm green we're good." label="Documents" default="NOTREQUIRED" class="siteplan_radio" ink="2"><option value="NOTREQUIRED">Not Required</option><option value="REQUIRED">Required</option><option value="PRESENT">Present</option></field><field name="_type3" type="radio" id="_type3" description="If I'm red then we need attachments for this page. If I'm green we're good." label="Attachments" default="NOTREQUIRED" class="siteplan_radio" ink="3"><option value="NOTREQUIRED">Not Required</option><option value="REQUIRED">Required</option><option value="PRESENT">Present</option></field><field name="_type4" type="radio" id="_type4" description="If I'm red then we need images for this page. If I'm green we're good." label="Images" default="NOTREQUIRED" class="siteplan_radio" ink="4"><option value="NOTREQUIRED">Not Required</option><option value="REQUIRED">Required</option><option value="PRESENT">Present</option></field><field name="_type1" type="radio" id="_type1" description="If I'm red then we need content for this page. If I'm green we're good." label="Words" default="NOTREQUIRED" class="siteplan_radio" ink="1"><option value="NOTREQUIRED">Not Required</option><option value="REQUIRED">Required</option><option value="PRESENT">Present</option></field><field name="_type2" type="radio" id="_type2" description="If I'm red then we need PDF's etc for this page. If I'm green we're good." label="Documents" default="NOTREQUIRED" class="siteplan_radio" ink="2"><option value="NOTREQUIRED">Not Required</option><option value="REQUIRED">Required</option><option value="PRESENT">Present</option></field><field name="_type3" type="radio" id="_type3" description="If I'm red then we need attachments for this page. If I'm green we're good." label="Attachments" default="NOTREQUIRED" class="siteplan_radio" ink="3"><option value="NOTREQUIRED">Not Required</option><option value="REQUIRED">Required</option><option value="PRESENT">Present</option></field><field name="_type4" type="radio" id="_type4" description="If I'm red then we need images for this page. If I'm green we're good." label="Images" default="NOTREQUIRED" class="siteplan_radio" ink="4"><option value="NOTREQUIRED">Not Required</option><option value="REQUIRED">Required</option><option value="PRESENT">Present</option></field><field name="_type1" type="radio" id="_type1" description="If I'm red then we need content for this page. If I'm green we're good." label="Words" default="NOTREQUIRED" class="siteplan_radio" ink="1"><option value="NOTREQUIRED">Not Required</option><option value="REQUIRED">Required</option><option value="PRESENT">Present</option></field><field name="_type2" type="radio" id="_type2" description="If I'm red then we need PDF's etc for this page. If I'm green we're good." label="Documents" default="NOTREQUIRED" class="siteplan_radio" ink="2"><option value="NOTREQUIRED">Not Required</option><option value="REQUIRED">Required</option><option value="PRESENT">Present</option></field><field name="_type3" type="radio" id="_type3" description="If I'm red then we need attachments for this page. If I'm green we're good." label="Attachments" default="NOTREQUIRED" class="siteplan_radio" ink="3"><option value="NOTREQUIRED">Not Required</option><option value="REQUIRED">Required</option><option value="PRESENT">Present</option></field><field name="_type4" type="radio" id="_type4" description="If I'm red then we need images for this page. If I'm green we're good." label="Images" default="NOTREQUIRED" class="siteplan_radio" ink="4"><option value="NOTREQUIRED">Not Required</option><option value="REQUIRED">Required</option><option value="PRESENT">Present</option></field><field name="_type1" type="radio" id="_type1" description="If I'm red then we need content for this page. If I'm green we're good." label="Words" default="NOTREQUIRED" class="siteplan_radio" ink="1"><option value="NOTREQUIRED">Not Required</option><option value="REQUIRED">Required</option><option value="PRESENT">Present</option></field><field name="_type2" type="radio" id="_type2" description="If I'm red then we need PDF's etc for this page. If I'm green we're good." label="Documents" default="NOTREQUIRED" class="siteplan_radio" ink="2"><option value="NOTREQUIRED">Not Required</option><option value="REQUIRED">Required</option><option value="PRESENT">Present</option></field><field name="_type3" type="radio" id="_type3" description="If I'm red then we need attachments for this page. If I'm green we're good." label="Attachments" default="NOTREQUIRED" class="siteplan_radio" ink="3"><option value="NOTREQUIRED">Not Required</option><option value="REQUIRED">Required</option><option value="PRESENT">Present</option></field><field name="_type4" type="radio" id="_type4" description="If I'm red then we need images for this page. If I'm green we're good." label="Images" default="NOTREQUIRED" class="siteplan_radio" ink="4"><option value="NOTREQUIRED">Not Required</option><option value="REQUIRED">Required</option><option value="PRESENT">Present</option></field><field name="_type1" type="radio" id="_type1" description="If I'm red then we need content for this page. If I'm green we're good." label="Words" default="NOTREQUIRED" class="siteplan_radio" ink="1"><option value="NOTREQUIRED">Not Required</option><option value="REQUIRED">Required</option><option value="PRESENT">Present</option></field><field name="_type2" type="radio" id="_type2" description="If I'm red then we need PDF's etc for this page. If I'm green we're good." label="Documents" default="NOTREQUIRED" class="siteplan_radio" ink="2"><option value="NOTREQUIRED">Not Required</option><option value="REQUIRED">Required</option><option value="PRESENT">Present</option></field><field name="_type3" type="radio" id="_type3" description="If I'm red then we need attachments for this page. If I'm green we're good." label="Attachments" default="NOTREQUIRED" class="siteplan_radio" ink="3"><option value="NOTREQUIRED">Not Required</option><option value="REQUIRED">Required</option><option value="PRESENT">Present</option></field><field name="_type4" type="radio" id="_type4" description="If I'm red then we need images for this page. If I'm green we're good." label="Images" default="NOTREQUIRED" class="siteplan_radio" ink="4"><option value="NOTREQUIRED">Not Required</option><option value="REQUIRED">Required</option><option value="PRESENT">Present</option></field><field name="_type1" type="radio" id="_type1" description="If I'm red then we need content for this page. If I'm green we're good." label="Words" default="NOTREQUIRED" class="siteplan_radio" ink="1"><option value="NOTREQUIRED">Not Required</option><option value="REQUIRED">Required</option><option value="PRESENT">Present</option></field><field name="_type2" type="radio" id="_type2" description="If I'm red then we need PDF's etc for this page. If I'm green we're good." label="Documents" default="NOTREQUIRED" class="siteplan_radio" ink="2"><option value="NOTREQUIRED">Not Required</option><option value="REQUIRED">Required</option><option value="PRESENT">Present</option></field><field name="_type3" type="radio" id="_type3" description="If I'm red then we need attachments for this page. If I'm green we're good." label="Attachments" default="NOTREQUIRED" class="siteplan_radio" ink="3"><option value="NOTREQUIRED">Not Required</option><option value="REQUIRED">Required</option><option value="PRESENT">Present</option></field><field name="_type4" type="radio" id="_type4" description="If I'm red then we need images for this page. If I'm green we're good." label="Images" default="NOTREQUIRED" class="siteplan_radio" ink="4"><option value="NOTREQUIRED">Not Required</option><option value="REQUIRED">Required</option><option value="PRESENT">Present</option></field><field name="_type1" type="radio" id="_type1" description="If I'm red then we need content for this page. If I'm green we're good." label="Words" default="NOTREQUIRED" class="siteplan_radio" ink="1"><option value="NOTREQUIRED">Not Required</option><option value="REQUIRED">Required</option><option value="PRESENT">Present</option></field><field name="_type2" type="radio" id="_type2" description="If I'm red then we need PDF's etc for this page. If I'm green we're good." label="Documents" default="NOTREQUIRED" class="siteplan_radio" ink="2"><option value="NOTREQUIRED">Not Required</option><option value="REQUIRED">Required</option><option value="PRESENT">Present</option></field><field name="_type3" type="radio" id="_type3" description="If I'm red then we need attachments for this page. If I'm green we're good." label="Attachments" default="NOTREQUIRED" class="siteplan_radio" ink="3"><option value="NOTREQUIRED">Not Required</option><option value="REQUIRED">Required</option><option value="PRESENT">Present</option></field><field name="_type4" type="radio" id="_type4" description="If I'm red then we need images for this page. If I'm green we're good." label="Images" default="NOTREQUIRED" class="siteplan_radio" ink="4"><option value="NOTREQUIRED">Not Required</option><option value="REQUIRED">Required</option><option value="PRESENT">Present</option></field><field name="_type1" type="radio" id="_type1" description="If I'm red then we need content for this page. If I'm green we're good." label="Words" default="NOTREQUIRED" class="siteplan_radio" ink="1"><option value="NOTREQUIRED">Not Required</option><option value="REQUIRED">Required</option><option value="PRESENT">Present</option></field><field name="_type2" type="radio" id="_type2" description="If I'm red then we need PDF's etc for this page. If I'm green we're good." label="Documents" default="NOTREQUIRED" class="siteplan_radio" ink="2"><option value="NOTREQUIRED">Not Required</option><option value="REQUIRED">Required</option><option value="PRESENT">Present</option></field><field name="_type3" type="radio" id="_type3" description="If I'm red then we need attachments for this page. If I'm green we're good." label="Attachments" default="NOTREQUIRED" class="siteplan_radio" ink="3"><option value="NOTREQUIRED">Not Required</option><option value="REQUIRED">Required</option><option value="PRESENT">Present</option></field><field name="_type4" type="radio" id="_type4" description="If I'm red then we need images for this page. If I'm green we're good." label="Images" default="NOTREQUIRED" class="siteplan_radio" ink="4"><option value="NOTREQUIRED">Not Required</option><option value="REQUIRED">Required</option><option value="PRESENT">Present</option></field><field name="_type5" type="radio" id="_type5" description="If I'm red then we need video content for this page. If I'm green we're good." label="Video" default="NOTREQUIRED" class="siteplan_radio" ink="5"><option value="NOTREQUIRED">Not Required</option><option value="REQUIRED">Required</option><option value="PRESENT">Present</option></field><field name="_type6" type="radio" id="_type6" description="If I'm red then we need a slideshow for this page. If I'm green we're good." label="Slideshow" default="NOTREQUIRED" class="siteplan_radio" ink="6"><option value="NOTREQUIRED">Not Required</option><option value="REQUIRED">Required</option><option value="PRESENT">Present</option></field></fields>
</extension>
